Workbook

Sheet Trade Log
A1: Trade ID | B1: Date | C1: Symbol | D1: Timeframe | E1: Market Background | F1: Setup Category | G1: Setup Pattern | H1: Location Type | I1: Location Source | J1: Signal Bar Quality | K1: Direction | L1: Entry Price | M1: Stop Price | N1: Exit Price | O1: Position Bars | P1: MFE High (20K) | Q1: MAE Low (20K) | R1: Risk R | S1: MFE(R) | T1: MAE(R) | U1: Final Result(R) | V1: Win/Loss | W1: Screenshot Link | X1: Review
A2: 1 | B2: 5/01/26, 15:05 | C2: XUA | D2: 5m | E2: Trend | F2: Trend Continuation | G2: L2 | H2: Resistance | I2: Gap | J2: A | K2: Short | L2: 4592.54 | M2: 4597.74 | N2: 4597.74 | O2: 3 | P2: 4589.98 | Q2: 4597.74 | R2: =ABS(L2-M2) -> 5.2 | S2: =IF(K2="Long",(P2-L2)/R2,(L2-P2)/R2) -> 0.49230769 | T2: =IF(K2="Long",(Q2-L2)/R2,(L2-Q2)/R2) -> -1 | U2: =IF(K2="Long",(N2-L2)/R2,(L2-N2)/R2) -> -1 | V2: =IF(U2>0,"Win",IF(U2<0,"Loss","BE")) -> Loss
A3: 2 | B3: 5/01/26, 18:59 | C3: XUA | D3: 5m | E3: Trading Range | F3: Trend Continuation | G3: L2 | H3: Resistance | I3: EMA | J3: A | K3: Short | L3: 4566.65 | M3: 4576.09 | N3: 4576.09 | O3: 7 | P3: 4562.51 | Q3: 4576.09 | R3: =ABS(L3-M3) -> 9.44 | S3: =IF(K3="Long",(P3-L3)/R3,(L3-P3)/R3) -> 0.43855932 | T3: =IF(K3="Long",(Q3-L3)/R3,(L3-Q3)/R3) -> -1 | U3: =IF(K3="Long",(N3-L3)/R3,(L3-N3)/R3) -> -1 | V3: =IF(U3>0,"Win",IF(U3<0,"Loss","BE")) -> Loss
A4: 3 | B4: 5/01/26, 21:36 | C4: XUA | D4: 5m | E4: Breakout Mode | F4: Breakout | G4: Breakout Pullback | H4: Support | I4: EMA | J4: A | K4: Long | L4: 4601.9 | M4: 4575.11 | N4: 4628.68 | O4: 5 | P4: 4660.58 | Q4: 4598.99 | R4: =ABS(L4-M4) -> 26.79 | S4: =IF(K4="Long",(P4-L4)/R4,(L4-P4)/R4) -> 2.1903695 | T4: =IF(K4="Long",(Q4-L4)/R4,(L4-Q4)/R4) -> -0.10862262 | U4: =IF(K4="Long",(N4-L4)/R4,(L4-N4)/R4) -> 0.99962673 | V4: =IF(U4>0,"Win",IF(U4<0,"Loss","BE")) -> Win
A5: 4 | B5: 5/02/26, 03:35 | C5: XUA | D5: 5m | E5: Trend | F5: Trend Continuation | G5: Wedge | H5: Resistance | I5: EMA | J5: A | K5: Short | L5: 4616.86 | M5: 4635.11 | N5: 4598.61 | O5: 55 | P5: 4591.11 | Q5: 4629.46 | R5: =ABS(L5-M5) -> 18.25 | S5: =IF(K5="Long",(P5-L5)/R5,(L5-P5)/R5) -> 1.4109589 | T5: =IF(K5="Long",(Q5-L5)/R5,(L5-Q5)/R5) -> -0.69041096 | U5: =IF(K5="Long",(N5-L5)/R5,(L5-N5)/R5) -> 1 | V5: =IF(U5>0,"Win",IF(U5<0,"Loss","BE")) -> Win
A6: 5 | B6: 5/04/26, 13:45 | C6: XUA | D6: 5m | E6: Trading Range | F6: Range Fade | G6: Failed Breakout | H6: Resistance | I6: Gap | J6: A | K6: Long | L6: 4599.12 | M6: 4591.08 | N6: 4591.08 | O6: 5 | P6: 4602.09 | Q6: 4591.08 | R6: =ABS(L6-M6) -> 8.04 | S6: =IF(K6="Long",(P6-L6)/R6,(L6-P6)/R6) -> 0.36940299 | T6: =IF(K6="Long",(Q6-L6)/R6,(L6-Q6)/R6) -> -1 | U6: =IF(K6="Long",(N6-L6)/R6,(L6-N6)/R6) -> -1 | V6: =IF(U6>0,"Win",IF(U6<0,"Loss","BE")) -> Loss
A7: 6 | B7: 5/04/26, 16:45 | C7: XUA | D7: 5m | E7: Trend | F7: Trend Continuation | G7: H2 | H7: Resistance | I7: Gap | J7: A | K7: Short | L7: 4578.12 | M7: 4591.13 | N7: 4565.08 | O7: 16 | P7: 4526.09 | Q7: 4584.82 | R7: =ABS(L7-M7) -> 13.01 | S7: =IF(K7="Long",(P7-L7)/R7,(L7-P7)/R7) -> 3.9992314 | T7: =IF(K7="Long",(Q7-L7)/R7,(L7-Q7)/R7) -> -0.51498847 | U7: =IF(K7="Long",(N7-L7)/R7,(L7-N7)/R7) -> 1.0023059 | V7: =IF(U7>0,"Win",IF(U7<0,"Loss","BE")) -> Win
A8: 7 | B8: 5/04/26, 20:25 | C8: XUA | D8: 5m | E8: Trading Range | F8: Reversal | G8: Wedge | H8: Resistance | I8: Previous High | J8: A | K8: Short | L8: 4571.78 | M8: 4579.28 | N8: 4563.3 | O8: 3 | P8: 4553.44 | Q8: 4573.1 | R8: =ABS(L8-M8) -> 7.5 | S8: =IF(K8="Long",(P8-L8)/R8,(L8-P8)/R8) -> 2.4453333 | T8: =IF(K8="Long",(Q8-L8)/R8,(L8-Q8)/R8) -> -0.176 | U8: =IF(K8="Long",(N8-L8)/R8,(L8-N8)/R8) -> 1.1306667 | V8: =IF(U8>0,"Win",IF(U8<0,"Loss","BE")) -> Win
A9: 8 | B9: 5/04/26, 22:45 | C9: XUA | D9: 5m | E9: Trading Range | F9: Reversal | G9: Double Top | H9: Resistance | I9: Previous High | J9: A | K9: Short | L9: 4574.06 | M9: 4582.55 | N9: 4565.57 | O9: 3 | P9: 4501.03 | Q9: 4576.93 | R9: =ABS(L9-M9) -> 8.49 | S9: =IF(K9="Long",(P9-L9)/R9,(L9-P9)/R9) -> 8.6018846 | T9: =IF(K9="Long",(Q9-L9)/R9,(L9-Q9)/R9) -> -0.33804476 | U9: =IF(K9="Long",(N9-L9)/R9,(L9-N9)/R9) -> 1 | V9: =IF(U9>0,"Win",IF(U9<0,"Loss","BE")) -> Win
A10: 9 | B10: 5/05/26, 07:45 | C10: XUA | D10: 5m | E10: Trading Range | F10: Range Fade | G10: L2 | H10: Resistance | I10: Trend Line | J10: A | K10: Short | L10: 4518.37 | M10: 4521.35 | N10: 4521.35 | O10: 4 | P10: 4517.42 | Q10: 4521.35 | R10: =ABS(L10-M10) -> 2.98 | S10: =IF(K10="Long",(P10-L10)/R10,(L10-P10)/R10) -> 0.31879195 | T10: =IF(K10="Long",(Q10-L10)/R10,(L10-Q10)/R10) -> -1 | U10: =IF(K10="Long",(N10-L10)/R10,(L10-N10)/R10) -> -1 | V10: =IF(U10>0,"Win",IF(U10<0,"Loss","BE")) -> Loss
A11: 10 | B11: 5/05/26, 10:30 | C11: XUA | D11: 5m | E11: Trend | F11: Trend Continuation | G11: Double Bottom | H11: Support | I11: EMA | J11: A | K11: Long | L11: 4542 | M11: 4534.18 | N11: 4534.18 | O11: 18 | P11: 4546.94 | Q11: 4534.18 | R11: =ABS(L11-M11) -> 7.82 | S11: =IF(K11="Long",(P11-L11)/R11,(L11-P11)/R11) -> 0.63171355 | T11: =IF(K11="Long",(Q11-L11)/R11,(L11-Q11)/R11) -> -1 | U11: =IF(K11="Long",(N11-L11)/R11,(L11-N11)/R11) -> -1 | V11: =IF(U11>0,"Win",IF(U11<0,"Loss","BE")) -> Loss
A12: 11 | B12: 5/06/26, 02:20 | C12: XUA | D12: 5m | E12: Trend | F12: Trend Continuation | G12: Failed Breakout | H12: Resistance | I12: Gap | J12: A | K12: Short | L12: 4562.42 | M12: 4565.96 | N12: 4558.93 | O12: 4 | P12: 4551.62 | Q12: 4563.56 | R12: =ABS(L12-M12) -> 3.54 | S12: =IF(K12="Long",(P12-L12)/R12,(L12-P12)/R12) -> 3.0508475 | T12: =IF(K12="Long",(Q12-L12)/R12,(L12-Q12)/R12) -> -0.3220339 | U12: =IF(K12="Long",(N12-L12)/R12,(L12-N12)/R12) -> 0.98587571 | V12: =IF(U12>0,"Win",IF(U12<0,"Loss","BE")) -> Win
A13: 12 | B13: 5/06/26, 02:55 | C13: XUA | D13: 5m | E13: Trend | F13: Trend Continuation | G13: Double Top | H13: Resistance | I13: Gap | J13: A | K13: Short | L13: 4560.51 | M13: 4566.04 | N13: 4555 | O13: 12 | P13: 4551.62 | Q13: 4561.46 | R13: =ABS(L13-M13) -> 5.53 | S13: =IF(K13="Long",(P13-L13)/R13,(L13-P13)/R13) -> 1.6075949 | T13: =IF(K13="Long",(Q13-L13)/R13,(L13-Q13)/R13) -> -0.17179024 | U13: =IF(K13="Long",(N13-L13)/R13,(L13-N13)/R13) -> 0.99638336 | V13: =IF(U13>0,"Win",IF(U13<0,"Loss","BE")) -> Win
... A31: 30 | B31: 6/02/26, 19:05 | C31: XUA | D31: 5m | E31: Trading Range | F31: Range Fade | G31: Wedge | H31: Resistance | I31: Previous Close High | J31: A | K31: Short | L31: 4530.79 | M31: 4535.75 | N31: 4525.83 | O31: 9 | P31: 4510.08 | Q31: 4534.19 | R31: =ABS(L31-M31) -> 4.96 | S31: =IF(K31="Long",(P31-L31)/R31,(L31-P31)/R31) -> 4.1754032 | T31: =IF(K31="Long",(Q31-L31)/R31,(L31-Q31)/R31) -> -0.68548387 | U31: =IF(K31="Long",(N31-L31)/R31,(L31-N31)/R31) -> 1 | V31: =IF(U31>0,"Win",IF(U31<0,"Loss","BE")) -> Win
A32: 31 | B32: 6/02/26, 20:58 | C32: XUA | D32: 5m | E32: Breakout Mode | F32: Breakout | G32: L1 | H32: Resistance | I32: Gap | J32: A | K32: Short | L32: 4514.19 | M32: 4533.84 | N32: 4492.95 | O32: 17 | R32: =ABS(L32-M32) -> 19.65 | S32: =IF(K32="Long",(P32-L32)/R32,(L32-P32)/R32) -> 229.72977 | T32: =IF(K32="Long",(Q32-L32)/R32,(L32-Q32)/R32) -> 229.72977 | U32: =IF(K32="Long",(N32-L32)/R32,(L32-N32)/R32) -> 1.080916 | V32: =IF(U32>0,"Win",IF(U32<0,"Loss","BE")) -> Win
A33: 32 | C33: XUA | R33: =ABS(L33-M33) -> 0 | S33: =IF(K33="Long",(P33-L33)/R33,(L33-P33)/R33) -> #DIV/0! | T33: =IF(K33="Long",(Q33-L33)/R33,(L33-Q33)/R33) -> #DIV/0! | U33: =IF(K33="Long",(N33-L33)/R33,(L33-N33)/R33) -> #DIV/0! | V33: =IF(U33>0,"Win",IF(U33<0,"Loss","BE")) -> #DIV/0!
A34: 33 | C34: XUA | R34: =ABS(L34-M34) -> 0 | S34: =IF(K34="Long",(P34-L34)/R34,(L34-P34)/R34) -> #DIV/0! | T34: =IF(K34="Long",(Q34-L34)/R34,(L34-Q34)/R34) -> #DIV/0! | U34: =IF(K34="Long",(N34-L34)/R34,(L34-N34)/R34) -> #DIV/0! | V34: =IF(U34>0,"Win",IF(U34<0,"Loss","BE")) -> #DIV/0!
A35: 34 | C35: XUA | R35: =ABS(L35-M35) -> 0 | S35: =IF(K35="Long",(P35-L35)/R35,(L35-P35)/R35) -> #DIV/0! | T35: =IF(K35="Long",(Q35-L35)/R35,(L35-Q35)/R35) -> #DIV/0! | U35: =IF(K35="Long",(N35-L35)/R35,(L35-N35)/R35) -> #DIV/0! | V35: =IF(U35>0,"Win",IF(U35<0,"Loss","BE")) -> #DIV/0!
A36: 35 | C36: XUA | R36: =ABS(L36-M36) -> 0 | S36: =IF(K36="Long",(P36-L36)/R36,(L36-P36)/R36) -> #DIV/0! | T36: =IF(K36="Long",(Q36-L36)/R36,(L36-Q36)/R36) -> #DIV/0! | U36: =IF(K36="Long",(N36-L36)/R36,(L36-N36)/R36) -> #DIV/0! | V36: =IF(U36>0,"Win",IF(U36<0,"Loss","BE")) -> #DIV/0!
A37: 36 | C37: XUA | R37: =ABS(L37-M37) -> 0 | S37: =IF(K37="Long",(P37-L37)/R37,(L37-P37)/R37) -> #DIV/0! | T37: =IF(K37="Long",(Q37-L37)/R37,(L37-Q37)/R37) -> #DIV/0! | U37: =IF(K37="Long",(N37-L37)/R37,(L37-N37)/R37) -> #DIV/0! | V37: =IF(U37>0,"Win",IF(U37<0,"Loss","BE")) -> #DIV/0!
A38: 37 | C38: XUA | R38: =ABS(L38-M38) -> 0 | S38: =IF(K38="Long",(P38-L38)/R38,(L38-P38)/R38) -> #DIV/0! | T38: =IF(K38="Long",(Q38-L38)/R38,(L38-Q38)/R38) -> #DIV/0! | U38: =IF(K38="Long",(N38-L38)/R38,(L38-N38)/R38) -> #DIV/0! | V38: =IF(U38>0,"Win",IF(U38<0,"Loss","BE")) -> #DIV/0!
A39: 38 | C39: XUA | R39: =ABS(L39-M39) -> 0 | S39: =IF(K39="Long",(P39-L39)/R39,(L39-P39)/R39) -> #DIV/0! | T39: =IF(K39="Long",(Q39-L39)/R39,(L39-Q39)/R39) -> #DIV/0! | U39: =IF(K39="Long",(N39-L39)/R39,(L39-N39)/R39) -> #DIV/0! | V39: =IF(U39>0,"Win",IF(U39<0,"Loss","BE")) -> #DIV/0!
A40: 39 | C40: XUA | R40: =ABS(L40-M40) -> 0 | S40: =IF(K40="Long",(P40-L40)/R40,(L40-P40)/R40) -> #DIV/0! | T40: =IF(K40="Long",(Q40-L40)/R40,(L40-Q40)/R40) -> #DIV/0! | U40: =IF(K40="Long",(N40-L40)/R40,(L40-N40)/R40) -> #DIV/0! | V40: =IF(U40>0,"Win",IF(U40<0,"Loss","BE")) -> #DIV/0!
C41: XUA | R41: =ABS(L41-M41) -> 0 | S41: =IF(K41="Long",(P41-L41)/R41,(L41-P41)/R41) -> #DIV/0! | T41: =IF(K41="Long",(Q41-L41)/R41,(L41-Q41)/R41) -> #DIV/0! | U41: =IF(K41="Long",(N41-L41)/R41,(L41-N41)/R41) -> #DIV/0! | V41: =IF(U41>0,"Win",IF(U41<0,"Loss","BE")) -> #DIV/0!
C42: XUA | R42: =ABS(L42-M42) -> 0 | S42: =IF(K42="Long",(P42-L42)/R42,(L42-P42)/R42) -> #DIV/0! | T42: =IF(K42="Long",(Q42-L42)/R42,(L42-Q42)/R42) -> #DIV/0! | U42: =IF(K42="Long",(N42-L42)/R42,(L42-N42)/R42) -> #DIV/0! | V42: =IF(U42>0,"Win",IF(U42<0,"Loss","BE")) -> #DIV/0!
C43: XUA | R43: =ABS(L43-M43) -> 0 | S43: =IF(K43="Long",(P43-L43)/R43,(L43-P43)/R43) -> #DIV/0! | T43: =IF(K43="Long",(Q43-L43)/R43,(L43-Q43)/R43) -> #DIV/0! | U43: =IF(K43="Long",(N43-L43)/R43,(L43-N43)/R43) -> #DIV/0! | V43: =IF(U43>0,"Win",IF(U43<0,"Loss","BE")) -> #DIV/0!
C44: XUA | R44: =ABS(L44-M44) -> 0 | S44: =IF(K44="Long",(P44-L44)/R44,(L44-P44)/R44) -> #DIV/0! | T44: =IF(K44="Long",(Q44-L44)/R44,(L44-Q44)/R44) -> #DIV/0! | U44: =IF(K44="Long",(N44-L44)/R44,(L44-N44)/R44) -> #DIV/0! | V44: =IF(U44>0,"Win",IF(U44<0,"Loss","BE")) -> #DIV/0!
R45: =ABS(L45-M45) -> 0 | S45: =IF(K45="Long",(P45-L45)/R45,(L45-P45)/R45) -> #DIV/0! | T45: =IF(K45="Long",(Q45-L45)/R45,(L45-Q45)/R45) -> #DIV/0! | U45: =IF(K45="Long",(N45-L45)/R45,(L45-N45)/R45) -> #DIV/0! | V45: =IF(U45>0,"Win",IF(U45<0,"Loss","BE")) -> #DIV/0!
R46: =ABS(L46-M46) -> 0 | S46: =IF(K46="Long",(P46-L46)/R46,(L46-P46)/R46) -> #DIV/0! | T46: =IF(K46="Long",(Q46-L46)/R46,(L46-Q46)/R46) -> #DIV/0! | U46: =IF(K46="Long",(N46-L46)/R46,(L46-N46)/R46) -> #DIV/0! | V46: =IF(U46>0,"Win",IF(U46<0,"Loss","BE")) -> #DIV/0!
R47: =ABS(L47-M47) -> 0 | S47: =IF(K47="Long",(P47-L47)/R47,(L47-P47)/R47) -> #DIV/0! | T47: =IF(K47="Long",(Q47-L47)/R47,(L47-Q47)/R47) -> #DIV/0! | U47: =IF(K47="Long",(N47-L47)/R47,(L47-N47)/R47) -> #DIV/0! | V47: =IF(U47>0,"Win",IF(U47<0,"Loss","BE")) -> #DIV/0!
R48: =ABS(L48-M48) -> 0 | S48: =IF(K48="Long",(P48-L48)/R48,(L48-P48)/R48) -> #DIV/0! | T48: =IF(K48="Long",(Q48-L48)/R48,(L48-Q48)/R48) -> #DIV/0! | U48: =IF(K48="Long",(N48-L48)/R48,(L48-N48)/R48) -> #DIV/0! | V48: =IF(U48>0,"Win",IF(U48<0,"Loss","BE")) -> #DIV/0!
R49: =ABS(L49-M49) -> 0 | S49: =IF(K49="Long",(P49-L49)/R49,(L49-P49)/R49) -> #DIV/0! | T49: =IF(K49="Long",(Q49-L49)/R49,(L49-Q49)/R49) -> #DIV/0! | U49: =IF(K49="Long",(N49-L49)/R49,(L49-N49)/R49) -> #DIV/0! | V49: =IF(U49>0,"Win",IF(U49<0,"Loss","BE")) -> #DIV/0!
R50: =ABS(L50-M50) -> 0 | S50: =IF(K50="Long",(P50-L50)/R50,(L50-P50)/R50) -> #DIV/0! | T50: =IF(K50="Long",(Q50-L50)/R50,(L50-Q50)/R50) -> #DIV/0! | U50: =IF(K50="Long",(N50-L50)/R50,(L50-N50)/R50) -> #DIV/0! | V50: =IF(U50>0,"Win",IF(U50<0,"Loss","BE")) -> #DIV/0!
R51: =ABS(L51-M51) -> 0 | S51: =IF(K51="Long",(P51-L51)/R51,(L51-P51)/R51) -> #DIV/0! | T51: =IF(K51="Long",(Q51-L51)/R51,(L51-Q51)/R51) -> #DIV/0! | U51: =IF(K51="Long",(N51-L51)/R51,(L51-N51)/R51) -> #DIV/0! | V51: =IF(U51>0,"Win",IF(U51<0,"Loss","BE")) -> #DIV/0!
R52: =ABS(L52-M52) -> 0 | S52: =IF(K52="Long",(P52-L52)/R52,(L52-P52)/R52) -> #DIV/0! | T52: =IF(K52="Long",(Q52-L52)/R52,(L52-Q52)/R52) -> #DIV/0! | U52: =IF(K52="Long",(N52-L52)/R52,(L52-N52)/R52) -> #DIV/0! | V52: =IF(U52>0,"Win",IF(U52<0,"Loss","BE")) -> #DIV/0!
R53: =ABS(L53-M53) -> 0 | S53: =IF(K53="Long",(P53-L53)/R53,(L53-P53)/R53) -> #DIV/0! | T53: =IF(K53="Long",(Q53-L53)/R53,(L53-Q53)/R53) -> #DIV/0! | U53: =IF(K53="Long",(N53-L53)/R53,(L53-N53)/R53) -> #DIV/0! | V53: =IF(U53>0,"Win",IF(U53<0,"Loss","BE")) -> #DIV/0!
R54: =ABS(L54-M54) -> 0 | S54: =IF(K54="Long",(P54-L54)/R54,(L54-P54)/R54) -> #DIV/0! | T54: =IF(K54="Long",(Q54-L54)/R54,(L54-Q54)/R54) -> #DIV/0! | U54: =IF(K54="Long",(N54-L54)/R54,(L54-N54)/R54) -> #DIV/0! | V54: =IF(U54>0,"Win",IF(U54<0,"Loss","BE")) -> #DIV/0!
R55: =ABS(L55-M55) -> 0 | S55: =IF(K55="Long",(P55-L55)/R55,(L55-P55)/R55) -> #DIV/0! | T55: =IF(K55="Long",(Q55-L55)/R55,(L55-Q55)/R55) -> #DIV/0! | U55: =IF(K55="Long",(N55-L55)/R55,(L55-N55)/R55) -> #DIV/0! | V55: =IF(U55>0,"Win",IF(U55<0,"Loss","BE")) -> #DIV/0!
R56: =ABS(L56-M56) -> 0 | S56: =IF(K56="Long",(P56-L56)/R56,(L56-P56)/R56) -> #DIV/0! | T56: =IF(K56="Long",(Q56-L56)/R56,(L56-Q56)/R56) -> #DIV/0! | U56: =IF(K56="Long",(N56-L56)/R56,(L56-N56)/R56) -> #DIV/0! | V56: =IF(U56>0,"Win",IF(U56<0,"Loss","BE")) -> #DIV/0!
... R1000: =ABS(L1000-M1000) -> 0 | S1000: =IF(K1000="Long",(P1000-L1000)/R1000,(L1000-P1000)/R1000) -> #DIV/0! | T1000: =IF(K1000="Long",(Q1000-L1000)/R1000,(L1000-Q1000)/R1000) -> #DIV/0! | U1000: =IF(K1000="Long",(N1000-L1000)/R1000,(L1000-N1000)/R1000) -> #DIV/0! | V1000: =IF(U1000>0,"Win",IF(U1000<0,"Loss","BE")) -> #DIV/0!

Sheet Dashboard
A1: Metric | B1: Value
A2: Total Trades | B2: =COUNTA('Trade Log'!A:A)-1 -> 39
A3: Winners | B3: =COUNTIF('Trade Log'!V:V,"Win") -> 18
A4: Losers | B4: =COUNTIF('Trade Log'!V:V,"Loss") -> 13
A5: Win Rate | B5: =B3/B2 -> 0.46153846
A6: Average R | B6: =AVERAGE('Trade Log'!U:U) -> #DIV/0!
A7: Best Trade | B7: =MAX('Trade Log'!U:U) -> #DIV/0!
A8: Worst Trade | B8: =MIN('Trade Log'!U:U) -> #DIV/0!

Sheet Setup Analysis
A1: Setup Pattern | B1: Trades | C1: Average R
A2: H1 | B2: =COUNTIF('Trade Log'!G:G,A2) -> 2 | C2: =AVERAGEIF('Trade Log'!G:G,A2,'Trade Log'!U:U) -> -0.013671875
A3: H2 | B3: =COUNTIF('Trade Log'!G:G,A3) -> 1 | C3: =AVERAGEIF('Trade Log'!G:G,A3,'Trade Log'!U:U) -> 1.0023059
A4: L1 | B4: =COUNTIF('Trade Log'!G:G,A4) -> 2 | C4: =AVERAGEIF('Trade Log'!G:G,A4,'Trade Log'!U:U) -> 0.040458015
A5: L2 | B5: =COUNTIF('Trade Log'!G:G,A5) -> 5 | C5: =AVERAGEIF('Trade Log'!G:G,A5,'Trade Log'!U:U) -> -0.60352564
A6: Double Top | B6: =COUNTIF('Trade Log'!G:G,A6) -> 6 | C6: =AVERAGEIF('Trade Log'!G:G,A6,'Trade Log'!U:U) -> 0.99276493
A7: Double Bottom | B7: =COUNTIF('Trade Log'!G:G,A7) -> 6 | C7: =AVERAGEIF('Trade Log'!G:G,A7,'Trade Log'!U:U) -> -0.34128002
A8: Wedge | B8: =COUNTIF('Trade Log'!G:G,A8) -> 6 | C8: =AVERAGEIF('Trade Log'!G:G,A8,'Trade Log'!U:U) -> 0.35482572
A9: Three Push Wedge | B9: =COUNTIF('Trade Log'!G:G,A9) -> 0 | C9: =AVERAGEIF('Trade Log'!G:G,A9,'Trade Log'!U:U) -> #DIV/0!
A10: Failed Breakout | B10: =COUNTIF('Trade Log'!G:G,A10) -> 2 | C10: =AVERAGEIF('Trade Log'!G:G,A10,'Trade Log'!U:U) -> -0.0070621469
A11: Breakout Pullback | B11: =COUNTIF('Trade Log'!G:G,A11) -> 1 | C11: =AVERAGEIF('Trade Log'!G:G,A11,'Trade Log'!U:U) -> 0.99962673
